{"cameraMode":{"drawMode":0,"name":"Shaded","section":"Shading Mode"},"sceneLighting":true,"audioPlay":false,"sceneViewState":{"showFog":true,"showMaterialUpdate":false,"showSkybox":false,"showFlares":true,"showImageEffects":true,"showParticleSystems":true,"showVisualEffectGraphs":true,"m_FxEnabled":true},"in2DMode":false,"pivot":{"x":40.6451301574707,"y":-0.013561844825744629,"z":48.481441497802737},"rotation":{"x":0.010627096518874169,"y":0.9882845878601074,"z":-0.08171853423118592,"w":0.1284988820552826},"size":1.2365179061889649,"orthographic":true}