{"cameraMode":{"drawMode":0,"name":"Shaded","section":"Shading Mode"},"sceneLighting":false,"audioPlay":false,"sceneViewState":{"showFog":true,"showMaterialUpdate":false,"showSkybox":false,"showFlares":true,"showImageEffects":true,"showParticleSystems":true,"showVisualEffectGraphs":true,"m_FxEnabled":true},"in2DMode":false,"pivot":{"x":0.1477094292640686,"y":-0.48109185695648196,"z":0.5231877565383911},"rotation":{"x":-0.01058950088918209,"y":-0.9857834577560425,"z":0.06812719255685806,"w":-0.15322749316692353},"size":1.0708394050598145,"orthographic":false}